{"client_meta":{"background_color":{"r":0.9607843160629272,"g":0.9607843160629272,"b":0.9607843160629272,"a":1},"thumbnail_size":{"width":389,"height":14},"render_coordinates":{"x":-0.435546875,"y":329.49066162109375,"width":40286.5,"height":1452.316650390625}},"file_name":"Untitled","developer_related_links":[],"exported_at":"2026-06-17T08:26:42.850Z"}